"Item","FILENAME","DESCRIPTIO","TAGNAME","TAGDESC","EXPRATION","FORCOND"
1,"a_finqc","d_ord","afinqcbn","B/N","a_finqc->b_id","NIL"
2,"a_finqc","Pack B/N","afinqpbn","Pack B/N","a_finqc->packb_id","NIL"
3,"c_agency","Agency ID","iagencid","Agency code","c_agency->ag_id","NIL"
4,"c_agency","Agency name","iagencnm","Agency name","c_agency->ag_nm","NIL"
5,"c_btype","Line & Esnxx","ilinesnx","Prod.line+ESN(XX)","c_btype->pline_id+c_btype->esnxx_id","NIL"
6,"c_btype","B type","ibtype","Batch type+ESN(XX)+Prod.line","c_btype->b_type+c_btype->esnxx_id+c_btype->pline_id","NIL"
7,"c_cntry","Country Code","cntryid","Country code","UPPER(c_cntry->country_id)","NIL"
8,"c_cntry","Country name","cntrynm","Country name","UPPER(c_cntry->country_nm)","NIL"
9,"c_curr","Currency rates","ccurrtyp","Currency type","c_curr->curr_type","NIL"
10,"c_cust","Customers","icu_id","Customer ID","c_cust->cu_id","NIL"
11,"c_cust","Customers","icu_nm","Customer name","Upper(c_cust->cu_nm)","NIL"
12,"c_cuco","CompanyID","icuco","Company ID","c_cuco->cuco_id","NIL"
13,"c_esnlnk","ESN id","ilnkesn","ESN","c_esnlnk->esn_id","NIL"
14,"c_esnlnk","Route","ilnkrout","Route","c_esnlnk->route_id+C_esnlnk->esn_id","NIL"
15,"c_esnlnk","R&ESNp","ilnkroes","Route+ESN(params)","c_esnlnk->route_id+c_esnlnk->ptype_id+c_esnlnk->pline_id+c_esnlnk->size_id+Str(c_esnlnk->value_id,9,3)+c_esnlnk->tol_id+c_esnlnk->volt_id+c_esnlnk->tc_id+c_esnlnk->term_id+c_esnlnk->esnxx_id+c_esnlnk->esny_id","NIL"
16,"c_esnxx","ID","esnxxid","ESN(XX)","c_esnxx->esnxx_id","NIL"
17,"c_esnxx","Name","esnxxnm","ESN(XX) description","Upper(c_esnxx->esnxx_nm)","NIL"
18,"c_esnxrf","CU_ID + CU_PN","C_ESNXRC","Customer ID+Customer P/N","c_esnxrf->cu_id+c_esnxrf->cu_pn","NIL"
19,"c_esnxrf","CU_ID + Esn_id","C_ESNXRE","Customer ID+ESN","c_esnxrf->cu_id+c_esnxrf->Esn_id","NIL"
20,"c_esnxrf","CU_ID + So_PN","C_ESNXRS","Customer ID+SO P/N","c_esnxrf->cu_id+c_esnxrf->so_pn","NIL"
21,"c_esny","Esny_id","c_Esny","ESN (Y)","c_esny->esny_id","NIL"
22,"c_exrate","Last rate","itpdt","Currency type+exchange date","c_exrate->curr_type+Dtos( c_exrate->d_exch)","NIL"
23,"c_exrate","Date order","idate","Exchange date+currency type","Dtos(c_exrate->d_exch)+c_exrate->CURR_TYPE","NIL"
24,"c_exrate","Curr + rate","currrate","currency type + rate","c_exrate->curr_type+STR(c_exrate->nis_in_uom,10,4)","NIL"
25,"c_expqty","UOM types","iuts","UOM+Batch type+Size","c_expqty->uom_id+c_expqty->b_type+c_expqty->size_id","NIL"
26,"c_pline","pline_id","c_pline","Prod.line+Size","pline_id+size_id","NIL"
27,"c_pline","ptype_id + pline_id","c_ptypl","Prod.type+prod.line","ptype_id+pline_id","NIL"
28,"c_proc","Process","iproc_id","Process","proc_id","NIL"
29,"c_ptype","P type","iptype","Part type","ptype_id","NIL"
30,"c_postat","Poln Status","c_postat","P/O status","c_postat->poln_stat","NIL"
31,"c_potype","Poln Type","c_potype","P/O type","c_potype->poln_type","NIL"
32,"c_proj","Project ID","c_Proj","Project ID","c_proj->Proj_id","NIL"
33,"c_proj","Project name","c_ProjNM","Project Name","c_proj->Proj_nm","NIL"
34,"c_rejcd","Rej ID","irejid","Rejection code","c_rejcd->rej_id","NIL"
35,"c_rlib","Route id","irlibid","Route","c_rlib->route_id","NIL"
36,"c_rlib","Route nm","irlibnm","Route hebrew descr.","Substr(c_rlib->route_nmh,50,1)+Substr(c_rlib->route_nmh,49,1)+Substr(c_rlib->route_nmh,48,1)+Substr(c_rlib->route_nmh,47,1)+Substr(c_rlib->route_nmh,46,1)+Substr(c_rlib->route_nmh,45,1)","NIL"
37,"c_sarea","Area_Id","isarea","Sales area code","sarea_id","NIL"
38,"c_shipl","Ship l","ishiplid","Shipping list code","c_shipl->shipl_id","NIL"
39,"c_tc","tc_id","c_tc","TC","c_tc->tc_id","NIL"
40,"c_thqty","Prime key","itsuom","B.type+size+OrigUOM+ConvUOM","c_thqty->b_type+c_thqty->size_id+c_thqty->orig_uom+c_thqty->conv_uom","NIL"
41,"c_tol","tol_id","c_tol","Tolerance","tol_id","NIL"
42,"c_tol","Ptype_id+tol_id","c_ptol","Prod.type+prod.line","ptype_id+tol_id","NIL"
43,"c_value","Primary key","ivalpr","Value+prod.type","Str(value_id,9,3)+ptype_id","NIL"
44,"c_value","Ptype + value","ivalpv","Prod.type+value","ptype_id+Str(value_id,9,3)","NIL"
45,"c_volt","volt_id","c_volt","Voltage","c_volt->volt_id","NIL"
46,"c_wip","WIP description","wipcdef","WIP description","c_wip->descrption","NIL"
47,"c_wip","WIP file name","wipcnam","WIP file name","c_wip->wfile","NIL"
48,"d_alloc","Ref No","iallcref","Alloc. ref no","d_alloc->sm_refno+d_alloc->srb_id","NIL"
49,"d_alloc","Poln ID+Ref No","iallpoln","AVX IL P/O+Ref.No.","STR(d_alloc->poln_id,9,2)+d_alloc->sm_refno","NIL"
50,"d_canc","Cancellations","polncanc","P/O","Str(d_canc->poln_id,9,2)","NIL"
51,"d_esn","ESN","iesn_id","ESN","d_esn->esn_id","NIL"
52,"d_esn","Top-down ESN","i_esnp","Top-down ESN","padr(d_esn->ptype_id+d_esn->pline_id+d_esn->size_id+ltrim(Str(d_esn->value_id,9,3))+d_esn->tol_id+d_esn->volt_id+d_esn->tc_id+d_esn->term_id+d_esn->esnxx_id+d_esn->esny_id,23)","NIL"
53,"d_esn","ESNAVXIL","iavxilpn","AVX IL P/N","d_esn->avxilpn","NIL"
54,"d_esn","Pline_id","esnpline","Prod.line","d_esn->pline_id","NIL"
55,"d_esn","Clusters","esnclust","Clusters","d_esn->wip_clstr+d_esn->esn_id","NIL"
56,"d_finqc","B/N+ESN","ifinqcbn","B/N+ESN","d_finqc->b_id+d_finqc->esn_id","NIL"
57,"d_finqc","Pack B/N","ifinqpbn","Pack B/N","d_finqc->packb_id+d_finqc->esn_id","NIL"
58,"d_groups","Group ID","d_groups","Group ID","UPPER(d_groups->group_id)","NIL"
59,"d_groups","PrinterGroupListPos","gpprnpos","PrinterGroupListPos","d_groups->prn_pos","NIL"
60,"d_instr","Instruction id","instrid","Instruction code","Str(d_instr->instr_id,5)","NIL"
61,"d_instr","Name","instrnm","Instruction text hebrew","Substr(d_instr->instr_nmh,55,1)+Substr(d_instr->instr_nmh,54,1)+Substr(d_instr->instr_nmh,53,1)+Substr(d_instr->instr_nmh,52,1)+Substr(d_instr->instr_nmh,51,1)+Substr(d_instr->instr_nmh,50,1)","NIL"
62,"d_instr","Authuor","instrau","Author hebrew","Substr(d_instr->instr_auth,10,1)+Substr(d_instr->instr_auth,9,1)+Substr(d_instr->instr_auth,8,1)+Substr(d_instr->instr_auth,7,1)+Substr(d_instr->instr_auth,6,1)+Substr(d_instr->instr_auth,5,1)","NIL"
63,"d_instr","Proc spec","instrps","Process specification","d_instr->proc_spec","NIL"
64,"d_irrfin","B_id+Stage+CurrProc","d_irrfin","B/N+Stage+Current process","d_irrfin->b_id+STR(d_irrfin->cp_stage,4)+d_irrfin->cpproc_id","NIL"
65,"d_line","Line","ib_idln","B/N","b_id","NIL"
66,"d_line","ESN parameters+Pccode","ilnespc","Top-down ESN+ PCcode","padr(ptype_id+pline_id+size_id+ltrim(Str(value_id,9,3))+tol_id+cp_pccode,21)","[!(b_stat$""CD"")]"
67,"d_line","Type+Line+Size+PcCode+Pr+Slack+Purp","nSlack","Type+Line+Size+PcCode+Pr+Slack+Purp","ptype_id+pline_id+size_id+cp_pccode+b_prior+STR(100000+(b_dprom-ExpFinDate),6)+IF(b_purp=CHR(55),CHR(50),IF(b_purp=CHR(54),CHR(51),b_purp))+b_id","[!(b_stat$""CD"")]"
68,"d_line","Type+Size+PcCode+Prior+Slack+Purp","incoupl","Type+Size+PcCode+Prior+Slack+Purp","ptype_id+size_id+cp_pccode+b_prior+STR(100000+(b_dprom-ExpFindate),6)+IF(b_purp=CHR(55),CHR(50),IF(b_purp=CHR(54),CHR(51),b_purp))","[!(b_stat$""CD"")]"
69,"d_line","Curr.Proc+Priority+Purp+Type+Size+Val","dlcpptsv","Curr.Proc.+Priority+Purp+Type+Size+Val","cpproc_id+b_prior+b_purp+ptype_id+size_id+STR(value_id,9,3)","[!(b_stat$""CD"")]"
70,"d_line","Purp + ESN Top Down","iprlnesn","Purp + ESN Top Down","padr(b_purp+ptype_id+pline_id+size_id+ltrim(Str(value_id,9,3)),19)","[!(b_stat$""CD"")]"
71,"d_line","ESN Top Down + Purp","iesnpurp","ESN Top Down + Purp","padr(ptype_id+pline_id+size_id+ltrim(Str(value_id,9,3))+b_purp,19)","[!(b_stat$""CD"")]"
72,"d_line","Purp+P.Type+Size+Val+B/N","dlptsvn","Purp+P.Type+Size+Val+B/N","b_purp+ptype_id+size_id+STR(value_id,9,3)+b_id","NIL"
73,"d_line","Proc Code + Top Down ESN (open)","dpctdesn","Proc code+Top Down ESN (open)","cp_pccode+padr(ptype_id+pline_id+size_id+ltrim(Str(value_id,9,3))+tol_id,16)","[!(b_stat$""CD"")]"
74,"d_line","ESN Top Down XX","dlinetop","Top-down XX","padr(ptype_id+pline_id+size_id+ltrim(Str(value_id,9,3))+esnxx_id+tol_id+volt_id+tc_id+term_id+esny_id,23)","[!(b_stat$""CD"")]"
75,"d_line","ESN Top Down","ilnesnp","Top-down ESN","padr(ptype_id+pline_id+size_id+ltrim(Str(value_id,9,3))+tol_id+volt_id+tc_id+term_id+esnxx_id+esny_id,23)","[!(b_stat$""CD"")]"
76,"d_line","Batch status+Purp+Type+Size+Val+B/N","dlsptsvn","Batch status+Purp+Type+Size+Val+B/N","b_stat+b_purp+ptype_id+size_id+STR(value_id,9,3)+b_id","NIL"
77,"d_msg","Msg NO","imsgno","Message no","Str(d_msg->msgno,6)","NIL"
78,"d_ord","Orders","ipolnoid","P/O","Str(d_ord->poln_id,9,2)","NIL"
79,"d_ord","SOORDLN+SOORDLN_NO","iordsopo","SO P/O","d_ord->SOORDLN+d_ord->SOORDLN_NO","NIL"
80,"d_ord","SONo+SONoLn","iordsnl","SONo+SONOLn","d_ord->sono+d_ord->sonoln+d_ord->text2","NIL"
81,"d_ord","ESN+AVX IL P/O","ioolnesn","ESN+P/O","d_ord->esn_id+Str(d_ord->poln_id,9,2)","NIL"
82,"d_ord","ESN (params)","iordesnp","Top-down ESN","padr(d_ord->ptype_id+d_ord->pline_id+d_ord->size_id+ltrim(Str(d_ord->value_id,9,3))+d_ord->tol_id+d_ord->volt_id+d_ord->tc_id+d_ord->term_id+d_ord->esnxx_id+d_ord->esny_id,23)","NIL"
83,"d_ord","Open orders","itlsvp","Top-down + market due ( ,Q,K,T)","padr(d_ord->ptype_id+d_ord->pline_id+d_ord->size_id+ltrim(Str(d_ord->value_id,9,3))+d_ord->tol_id,23)+iif(empty(d_ord->d_mrkdlv),dtos(d_ord->d_ackndlv),dtos(d_ord->d_mrkdlv))","[d_ord->poln_stat$"" _Q_K_T""]"
84,"d_ord","Open orders","ipo_oo","P/O+status (Open orders ONLY)","Str(d_ord->poln_id,9,2)+d_ord->poln_stat","[!(d_ord->poln_stat$""CD"")]"
85,"d_ord","Open orders","ipoesnde","ESN+due date (Open orders ONLY)","d_ord->esn_id+iif(empty(d_ord->d_mrkdlv),dtos(d_ord->d_ackndlv),dtos(d_ord->d_mrkdlv))","[!(d_ord->poln_stat$""CD"")]"
86,"d_ord","Open orders","ipodueen","Due date+ESN (Open orders ONLY)","iif(empty(d_ord->d_mrkdlv),Dtos(d_ord->d_ackndlv),Dtos(d_ord->d_mrkdlv))+d_ord->esn_id","[!(d_ord->poln_stat$""CD"")]"
87,"d_ord","CustID+P/O status","iordcust","Cust ID+P/O status","d_ord->cu_id+d_ord->poln_stat","NIL"
88,"d_ord","Product Line","iordpic","Prod.line","d_ord->pline_id","NIL"
89,"d_ordreq","Requests","ipoln_id","P/O","Str(d_ordreq->poln_id,9,2)","NIL"
90,"d_ordreq","SOORDLN+SOORDLN_NO","iordqsoo","SO P/O","d_ordreq->SOORDLN+d_ordreq->SOORDLN_NO","NIL"
91,"d_ordreq","SONo+SONoLn","iordqsnl","SONo+SONOLn","d_ordreq->sono+d_ordreq->sonoln+d_ordreq->text2","NIL"
92,"d_ordreq","Requests","ipolnesn","ESN+P/O","d_ordreq->esn_id+Str(d_ordreq->poln_id,9,2)","NIL"
93,"d_ordreq","ESN(params)+Requested on hold","iesnrhld","Top-down ESN+Requested on hold","padr(d_ordreq->ptype_id+pline_id+size_id+ltrim(Str(value_id,9,3))+tol_id+volt_id+tc_id+term_id+esnxx_id+esny_id,23)+DTOS(d_rqstdlv)","[(poln_stat $""H_A"")]"
94,"d_ordreq","ESN & Dates","ipoesndt","ESN+date received","d_ordreq->esn_id+Dtos(d_ordreq->d_ordrec)","NIL"
95,"d_ordreq","Dates & ESN","ipodtesn","Date received+ESN","Dtos(d_ordreq->d_ordrec)+d_ordreq->esn_id","NIL"
96,"d_ordreq","P/O on hold","ipolnhld","P/O on hold","Str(d_ordreq->poln_id,9,2)+DTOS(d_ordrec)+DTOS(d_rqstdlv)+ptype_id+pline_id+size_id+Str(value_id,9,3)+tol_id+volt_id+tc_id+term_id+esnxx_id+esny_id","[(poln_stat $""H_A"")]"
97,"d_ordreq","P/O+ordered+ESN(params) on hold","ipesnhld","P/O+ordered+ESN(params) on hold","Str(d_ordreq->poln_id,9,2)+DTOS(d_ordrec)+ptype_id+pline_id+size_id+Str(value_id,9,3)+tol_id+volt_id+tc_id+term_id+esnxx_id+esny_id+DTOS(d_rqstdlv)","[(poln_stat $""H"")]"
98,"d_ordreq","Requested+ESN(params) on hold","iresnhld","Requested+ESN(params) on hold","DTOS(d_ordreq->d_rqstdlv)+ptype_id+pline_id+size_id+Str(value_id,9,3)+tol_id+volt_id+tc_id+term_id+esnxx_id+esny_id","[(poln_stat $""H"")]"
99,"d_ordreq","P/O on wait","ipolnwit","P/O WAITING for approval","Str(d_ordreq->poln_id,9,2)","[(poln_stat $""W"")]"
100,"d_ordreq","CustID+Status","iordqcus","Cust ID+P/O status","d_ordreq->cu_id+d_ordreq->poln_stat","NIL"
101,"d_ordreq","SONo","iordqsno","SONo","d_ordreq->sono+d_ordreq->cu_id","NIL"
102,"d_pack","Ref No","ipkrefno","Packing ref#","d_pack->sm_refno+STR(d_pack->sm_serno,9)","NIL"
103,"d_prom","B/N","iprombn","B/N+P/O","d_prom->b_id + STR(d_prom->poln_id,9,2)","NIL"
104,"d_prom","ID & Line","iproidln","Prom ID+Prom line#","Str(d_prom->prom_id,5)+Str(d_prom->promln,3)","NIL"
105,"d_prom","Requests","ipromord","Requested P/O","Str(d_prom->porq_id,9,2)+Dtos(d_prom->prom_date)","NIL"
106,"d_prom","Order No.","iprompln","P/O","Str(d_prom->poln_id,9,2)","NIL"
107,"d_prom","Orders with status H","iproordh","Promises on prod.control hold","d_prom->prom_stat+Str(d_prom->porq_id,9,2)","[d_prom->prom_stat $ ""H""]"
108,"d_prom","Orders with status R","iproordr","Promises refused by Marketing","d_prom->prom_stat+Str(d_prom->porq_id,9,2)","[d_prom->prom_stat $ ""R""]"
109,"d_reels","Reel Labels","d_reels","P/O","STR(d_reels->poln_id,9,2)+LEFT(Reel_count,2)","NIL"
110,"d_reels","SO order #","ireelso","SO P/O line no","d_reels->soordln","NIL"
111,"d_reels","Reel Serial #","ireelrs","Product type+Reel serial no","d_reels->ptype_id+STR(d_reels->reel_sn,10)","NIL"
112,"d_reels","Type+order no.","ireelord","Product type+AVX IL P/O","d_reels->ptype_id+str(d_reels->poln_id,9,2)","NIL"
113,"d_reels","Type+reel no.","ireelrnm","Product type+B/N","d_reels->ptype_id+d_reels->b_id","NIL"
114,"d_rejrep","B_id+Stage+CurrProc","d_rejrep","B/N+Stage+Current process","d_rejrep->b_id+STR(d_rejrep->cp_stage,4)+d_rejrep->cpproc_id","NIL"
115,"d_revord","Order Revisions","ipolnrev","P/O","Str(d_revord->poln_id,9,2)","NIL"
116,"d_rights","Group_id+Menu Item","d_rights","Group ID+Menu item","UPPER(d_rights->group_id+d_rights->menu_item)","NIL"
117,"d_shipd","AVX IL P/O","ishipdpo","AVX IL P/O","STR(d_shipd->poln_id,9,2)+d_shipd->ship_as","NIL"
118,"d_shipd","Doc No + Invoice Type","ishipddn","Document no + Inv. type","d_shipd->doc_no+d_shipd->ship_as","NIL"
119,"d_shiph","Doc No + Invoice Type","ishipdhn","Document no + Inv. type","d_shiph->doc_no+d_shiph->ship_as","NIL"
120,"d_shiph","Agent+Doc No","ishiphag","Agent + Document no","d_shiph->billag_id+d_shiph->doc_no","[!(d_shiph->ship_as $ ""XP"")]"
121,"d_stock","ESN","esn_idst","ESN","d_stock->esn_id","NIL"
122,"d_stock","ESN params - Top down","istkespr","Top-down ESN","padr(d_stock->ptype_id+d_stock->pline_id+d_stock->size_id+ltrim(Str(d_stock->value_id,9,3))+d_stock->tol_id+d_stock->volt_id+d_stock->tc_id+d_stock->term_id+d_stock->esnxx_id+d_stock->esny_id,23)","NIL"
123,"d_stock","Product Line + size","istkpic","Product line+size","d_stock->pline_id+d_stock->size_id+str(d_stock->value_id,9,3)","NIL"
124,"d_stock","Stock B/N","ib_idstk","B/N","d_stock->b_id","NIL"
125,"d_stock","ESN Top down XX","istktop","Top-down XX","padr(d_stock->ptype_id+d_stock->pline_id+d_stock->size_id+ltrim(Str(d_stock->value_id,9,3))+d_stock->esnxx_id+d_stock->tol_id+d_stock->volt_id+d_stock->tc_id+d_stock->term_id+d_stock->esny_id,23)","NIL"
126,"d_stock","B/N ESN parameters","istkepbn","B/N+ESN(params)","d_stock->b_id+d_stock->ptype_id+d_stock->pline_id+d_stock->size_id+Str(d_stock->value_id,9,3)+d_stock->tol_id+d_stock->volt_id+d_stock->tc_id+d_stock->term_id+d_stock->esnxx_id+d_stock->esny_id","NIL"
127,"d_stock","B/N+ESN+Location","bnesn_st","B/N+ESN+Location","d_stock->b_id+d_stock->esn_id+d_stock->loc","NIL"
128,"d_user","User Name","D_user","User ID+NIC","d_user->user_id+d_user->w_id","NIL"
129,"d_wid","Work ID","iworkid","Workstation ID","d_wid->work_id","NIL"
130,"flocklst","Lock list","fileuser","File+user name","Upper(flocklst->filename+flocklst->username)","NIL"
131,"flocklst","Lock list","filedate","File+lock date","Upper(flocklst->filename)+flocklst->lockdate","[!Empty(flocklst->lockdate)]"
132,"h_alloc","Ref No","hallcref","Alloc. ref no","h_alloc->sm_refno","NIL"
133,"h_alloc","srb_id + sresn_id","hsrbesn","Source B/N+Source ESN","h_alloc->srb_id + h_alloc->sresn_id+h_alloc->loc","NIL"
134,"h_alloc","srb_id + dsesn_id","hdsbesn","Source B/N+Dest ESN","h_alloc->srb_id + h_alloc->dsesn_id","NIL"
135,"h_alloc","poln_id","hpolnid","P/O","STR(h_alloc->poln_id,9,2)","NIL"
136,"h_alloc","srb_id + poln_id","hdsbpoln","Source B/N+P/O","h_alloc->srb_id + STR(h_alloc->poln_id,9,2)","NIL"
137,"h_finqc","B/N","hfinqcbn","B/N","h_finqc->b_id+h_finqc->esn_id","NIL"
138,"h_finqc","Pack B/N","hfinqpbn","Pack B/N","h_finqc->packb_id+h_finqc->esn_id","NIL"
139,"m_linemv","B/N & Curr proc","ilnmvbn","B/N+proccess","m_linemv->b_id+m_linemv->cpproc_id","NIL"
140,"m_linemv","B/N & Stage","ilnmvbs","B/N+stage","m_linemv->b_id+Str(m_linemv->cp_stage,4)","NIL"
141,"m_linemv","ESN","ilnmvesn","ESN","m_linemv->esn_id","NIL"
142,"m_linemv","Stock in proc","ilnmvsip","Proc+prior+b.type+B/N","m_linemv->cpproc_id+m_linemv->b_prior+m_linemv->b_type+m_linemv->b_purp+m_linemv->b_id","[m_linemv->arr .AND. !m_linemv->fin]"
143,"m_linemv","Stock in work station","ilnmvsiw","Wkstn+proc+prior+b.type+B/N","m_linemv->cpwkstn_id+m_linemv->cp_pccode+m_linemv->b_prior+m_linemv->b_type+m_linemv->b_purp+m_linemv->b_id","[m_linemv->arr .AND. !m_linemv->fin .AND. m_linemv->b_stat<>""C""]"
144,"m_linemv","Finish date+time","ilnmvfin","Finish date+time","dtos(m_linemv->cp_dfin)+m_linemv->cp_tfin","NIL"
145,"m_stkmv","Ser No","istmvser","Ser#","Str(m_stkmv->sm_serno,9)","NIL"
146,"m_stkmv","Ref No","istmvref","Ref#","m_stkmv->sm_refno+str(m_stkmv->sm_serno)","NIL"
147,"m_stkmv","Src BN + ref no","istmvsrf","Source B/N+ref#","m_stkmv->srb_id+m_stkmv->sm_refno","NIL"
148,"m_stkmv","Src BN + Move Date","istmvbdt","Source B/N+date+time","m_stkmv->srb_id+dtos(m_stkmv->dadd_rec)+m_stkmv->tadd_rec","NIL"
149,"m_stkmv","Move Date","istmvmdt","date+time","dtos(m_stkmv->dadd_rec)+m_stkmv->tadd_rec","NIL"
150,"m_stkmv","Move type +Src BN +AVX IL P/O","istmvtbd","Move type+source B/N+P/O","m_stkmv->smtype_id+m_stkmv->srb_id+str(m_stkmv->poln_id,9,2)","NIL"
151,"printers","Pr. Name","Printers","Printers","UPPER(pr_name)","NIL"
152,"repsets","report name","irepsets","Reports","Upper(repsets->repname)+repsets->repfile","NIL"
153,"tablist","Table list","tabname","Tables","Upper(tablist->tabname)","NIL"
154,"t_ord41","P/O","t_ord412","P/O","STR(t_ord41->poln_id,9,2)","NIL"
155,"t_prom","B/N","tprombn","B/N","t_prom->b_id","NIL"
156,"t_pack","B/N","tpackbn","B/N","t_pack->b_id","NIL"
157,"users","User name","username","User","Upper(users->username)","NIL"
158,"a_line","Line","ab_idln","B/N+ESN","a_line->b_id+a_line->esn_id","NIL"
159,"a_line","ESN (+b_stat)","asn_idln","ESN+Batch status","a_line->esn_id+a_line->b_stat","NIL"
160,"a_line","ESNp","alnesnp","Top-down ESN","padr(a_line->ptype_id+a_line->pline_id+a_line->size_id+ltrim(Str(a_line->value_id,9,3))+a_line->tol_id+a_line->volt_id+a_line ->tc_id+a_line->term_id+a_line->esnxx_id+a_line->esny_id,23)","NIL"
161,"a_line","ESNTop","alinetop","Top-down XX","padr(a_line->ptype_id+a_line->pline_id+a_line->size_id+ltrim(Str(a_line->value_id,9,3))+a_line->esnxx_id+a_line->tol_id+a_line->volt_id+a_line ->tc_id+a_line->term_id+a_line->esny_id,23)","NIL"
162,"a_line","Btype+ESNp","alnbesnp","Batch type+ESN(params)","a_line->b_type+a_line->size_id+Str(a_line->value_id,9,3)+a_line->tol_id+a_line->volt_id+a_line->tc_id+a_line->term_id+a_line->esnxx_id+a_line->esny_id","NIL"
163,"a_line","Status+Purp+Type+Size+Val+Num","alsptsvn","B.stat+purp+p.type+size+val+B/N","a_line->b_stat+a_line->b_purp+a_line->ptype_id+a_line->size_id+STR(a_line->value_id,9,3)+a_line->b_id","NIL"
164,"a_line","Purp+Type+Size+Val+Num","alptsvn","Purp+p.type+size+val+B/N","a_line->b_purp+a_line->ptype_id+a_line->size_id+STR(a_line->value_id,9,3)+a_line->b_id","NIL"
165,"a_line","OpenDate+Purp+Type+Size+Val+Priority","aloptsvp","D.open+purp+p.typ+siz+val+prior","DtoS(a_line->b_dopen)+a_line->b_purp+a_line->ptype_id+a_line->size_id+STR(a_line->value_id,9,3)+a_line->b_prior","NIL"
166,"a_line","PromDate+Purp+Type+Size+Val+Priority","alpptsvp","D.prom+purp+p.typ+siz+val+prior","DtoS(a_line->b_dprom)+a_line->b_purp+a_line->ptype_id+a_line->size_id+STR(a_line->value_id,9,3)+a_line->b_prior","NIL"
167,"a_line","CurrProc+Priority+Purp+Type+Size+Val","alcpptsv","Proc+prior+purp+p.type+size+val","a_line->cpproc_id+a_line->b_prior+a_line->b_purp+a_line->ptype_id+a_line->size_id+STR(a_line->value_id,9,3)+a_line->b_prior","NIL"
168,"a_line","Proc Code + Top Down ESN (open)","apctdesn","Proc code+Top Down ESN (open)","a_line->cpproc_id+a_line->cp_pccode+padr(a_line->ptype_id+a_line->pline_id+a_line->size_id+ltrim(Str(a_line->value_id,9,3))+a_line->tol_id,16)","NIL"
169,"a_line","Product line","alinepic","Prod.line","a_line->pline_id","NIL"
170,"h_line","Line","hb_idln","B/N+ESN","h_line->b_id+h_line->esn_id","NIL"
171,"h_line","ESN (+b_stat)","hsn_idln","ESN+Batch status","h_line->esn_id+h_line->b_stat","NIL"
172,"h_line","ESNp","hlnesnp","Top-down ESN","padr(h_line->ptype_id+h_line->pline_id+h_line->size_id+ltrim(Str(h_line->value_id,9,3))+h_line->tol_id+h_line->volt_id+h_line ->tc_id+h_line->term_id+h_line->esnxx_id+h_line->esny_id,23)","NIL"
173,"h_line","ESNTop","hlinetop","Top-down XX","padr(h_line->ptype_id+h_line->pline_id+h_line->size_id+ltrim(Str(h_line->value_id,9,3))+h_line->esnxx_id+h_line->tol_id+h_line->volt_id+h_line ->tc_id+h_line->term_id+h_line->esny_id,23)","NIL"
174,"h_line","Btype+ESNp","hlnbesnp","Batch type+ESN(params)","h_line->b_type+h_line->size_id+Str(h_line->value_id,9,3)+h_line->tol_id+h_line->volt_id+h_line->tc_id+h_line->term_id+h_line->esnxx_id+h_line->esny_id","NIL"
175,"h_line","Status+Purp+Type+Size+Val+Num","hlsptsvn","B.stat+purp+p.type+size+val+B/N","h_line->b_stat+h_line->b_purp+h_line->ptype_id+h_line->size_id+STR(h_line->value_id,9,3)+h_line->b_id","NIL"
176,"h_line","Purp+Type+Size+Val+Num","hlptsvn","Purp+p.type+size+val+B/N","h_line->b_purp+h_line->ptype_id+h_line->size_id+STR(h_line->value_id,9,3)+h_line->b_id","NIL"
177,"h_line","OpenDate+Purp+Type+Size+Val+Priority","hloptsvp","D.open+purp+p.typ+siz+val+prior","DtoS(h_line->b_dopen)+h_line->b_purp+h_line->ptype_id+h_line->size_id+STR(h_line->value_id,9,3)+h_line->b_prior","NIL"
178,"h_line","PromDate+Purp+Type+Size+Val+Priority","hlpptsvp","D.prom+purp+p.typ+siz+val+prior","DtoS(h_line->b_dprom)+h_line->b_purp+h_line->ptype_id+h_line->size_id+STR(h_line->value_id,9,3)+h_line->b_prior","NIL"
179,"h_line","CurrProc+Priority+Purp+Type+Size+Val","hlcpptsv","Proc+prior+purp+p.type+size+val","h_line->cpproc_id+h_line->b_prior+h_line->b_purp+h_line->ptype_id+h_line->size_id+STR(h_line->value_id,9,3)+h_line->b_prior","NIL"
180,"h_line","Proc Code + Top Down ESN (open)","hpctdesn","Proc code+Top Down ESN (open)","h_line->cpproc_id+h_line->cp_pccode+padr(h_line->ptype_id+h_line->pline_id+h_line->size_id+ltrim(Str(h_line->value_id,9,3))+h_line->tol_id,16)","NIL"
181,"h_line","Product line","hlinepic","Prod.line","h_line->pline_id","NIL"
182,"h_linemv","B/N & Curr proc","hlnmvbn","B/N+proc","h_linemv->b_id+h_linemv->cpproc_id","NIL"
183,"h_linemv","B/N & Stage","hlnmvbs","B/N+stage","h_linemv->b_id+Str(h_linemv->cp_stage,4)","NIL"
184,"h_linemv","ESN","hlnmvesn","ESN","h_linemv->esn_id","NIL"
185,"h_linemv","Stock in proc","hlnmvsip","Proc+prior+b.type+B/N","h_linemv->cpproc_id+h_linemv->b_prior+h_linemv->b_type+h_linemv->b_purp+h_linemv->b_id","[h_linemv->arr .AND. !h_linemv->fin]"
186,"h_linemv","Stock in work station","hlnmvsiw","Wkstn+proc+prior+b.type+B/N","h_linemv->cpwkstn_id+h_linemv->cp_pccode+h_linemv->b_prior+h_linemv->b_type+h_linemv->b_purp+h_linemv->b_id","[h_linemv->arr .AND. !h_linemv->fin]"
187,"h_linemv","Finish date+time","hlnmvfin","Finish date+time","dtos(h_linemv->cp_dfin)+h_linemv->cp_tfin","NIL"
188,"a_linemv","B/N & Curr proc","alnmvbn","B/N+proc","a_linemv->b_id+a_linemv->cpproc_id","NIL"
189,"a_linemv","B/N & Stage","alnmvbs","B/N+stage","a_linemv->b_id+Str(a_linemv->cp_stage,4)","NIL"
190,"a_linemv","ESN","alnmvesn","ESN","a_linemv->esn_id","NIL"
191,"a_linemv","Stock in proc","alnmvsip","Proc+prior+b.type+B/N","a_linemv->cpproc_id+a_linemv->b_prior+a_linemv->b_type+a_linemv->b_purp+a_linemv->b_id","[a_linemv->arr .AND. !a_linemv->fin]"
192,"a_linemv","Stock in work station","alnmvsiw","Wkstn+proc+prior+b.type+B/N","a_linemv->cpwkstn_id+a_linemv->cp_pccode+a_linemv->b_prior+a_linemv->b_type+a_linemv->b_purp+a_linemv->b_id","[a_linemv->arr .AND. !a_linemv->fin]"
193,"a_linemv","Finish date+time","alnmvfin","Finish date+time","dtos(a_linemv->cp_dfin)+a_linemv->cp_tfin","NIL"
194,"d_correc","Batch Id+Initial date","co_bid","Batch Id+Initial date","d_correc->b_id+dtos(d_correc->d_ini)","NIL"
195,"d_correc","MIS Exec+Initial date+batch","co_mis","MIS Exec+Initial date+batch","d_correc->mis_exec+dtos(d_correc->d_ini)+d_correc->b_id","NIL"
196,"d_correc","P/O+Initial date","co_plnid","P/O+Initial date","str(d_correc->poln_id,9,2)+dtos(d_correc->d_ini)","NIL"
197,"d_correc","MIS Exec+Initial date+P/O","co_pmis","MIS Exec+Initial date+P/O","d_correc->mis_exec+dtos(d_correc->d_ini)+str(d_correc->poln_id,9,2)","NIL"
198,"d_correc","Status+P/O+Initial date","co_pstat","Status+P/O+Initial date","d_correc->t_stat+str(d_correc->poln_id,9,2)+dtos(d_correc->d_ini)","NIL"
199,"d_correc","Status+Batch Id+Initial date","co_stat","Status+Batch Id+Initial date","d_correc->t_stat+d_correc->b_id+dtos(d_correc->d_ini)","NIL"
200,"d_correc","Group+User+status","co_group","Group+User+status","d_correc->ini_group+d_correc->ini_usr+d_correc->t_stat","NIL"
201,"h_finqc","Date batch finish","hfinqdat","Date batch finish","DTOS(b_dqc)","NIL"
202,"d_line","Batch type+Size+Value+Tol+Volt+Tc+Term","ilnbesnp","Batch type+ESN(params)","b_type+size_id+Str(value_id,9,3)+tol_id+volt_id+tc_id+term_id+esnxx_id+esny_id","NIL"
203,"h_stkmv","Move Date","hstmvmdt","date+time","dtos(h_stkmv->dadd_rec)+h_stkmv->tadd_rec","NIL"
204,"d_edsgn","Dsgn Id.","edsgn_id","Dsgn Id.","d_edsgn->edsgn_id","NIL"
205,"d_edsgn","Type+Line+Size+Val","edtopdwn","P.type+line+size+val","d_edsgn->ptype_Id+d_edsgn->pline_id+d_edsgn->size_id+ltrim(str(d_edsgn->value_id,9,3))+dtos(d_edsgn->open_date)","NIL"
206,"d_ord","SONo","iordsono","SONo","d_ord->sono+d_ord->cu_id","NIL"
207,"d_ord","Top-down + market due, Q only","ipotmdq","Top-down + market due, Q only","padr(d_ord->ptype_id+d_ord->pline_id+d_ord->size_id+ltrim(Str(d_ord->value_id,9,3))+d_ord->tol_id+d_ord->volt_id+d_ord->tc_id+d_ord->term_id+d_ord->esnxx_id+d_ord->esny_id,23)+dtos(d_ord->d_mrkdlv)","[d_ord->poln_stat == ""Q""]"
208,"d_ord","Book date","iorddtbk","Book date","dtos(d_ord->d_ordrec)","NIL"
209,"h_stkmv","Move type +Src BN +AVX IL P/O","hstmvtbd","Move type+source B/N+P/O","h_stkmv->smtype_id+h_stkmv->srb_id+str(h_stkmv->poln_id,9,2)","NIL"
210,"m_adjinv","Doc no + debit credit + detail line","m_adjinv","Doc no + debit credit + detail line","m_adjinv->origdoc_no+m_adjinv->credt_debt+str(m_adjinv->shipln,3)","NIL"
211,"h_finqc","Batch + ESN","hfqcbesn","Batch + ESN","h_finqc->b_id + h_finqc->esn_id","NIL"
212,"m_linemv","Pc code + finish date","ilnmvpcf","Pc code + finish date","m_linemv->cp_pccode + dtos(m_linemv->cp_dfin)","NIL"
213,"c_tinit","Init","c_tinit","Init","c_tinit->ini_usr","NIL"
214,"c_proc","Process name","procname","Process name","proc_nme+proc_id","NIL"
215,"d_prornd","RND promises","ipolrnd","P/O","Str(d_prornd->poln_id,9,2)","NIL"
216,"d_prornd","B/N + Poln_id - R&D promises","ibpolrnd","B/N + Poln_id","d_prornd->b_id+str(d_prornd->poln_id,9,2)","NIL"
217,"m_edsgn","Batch - engineering design link","m_edsgn","B/N","m_edsgn->b_id","NIL"
218,"substit","Existing ESN + new","substit","esnexist + new","substit->esnexist+substit->esnnew","NIL"
219,"d_stock","ESN params(non zero)","istkesp2","Top-down ESN(non zero)","padr(d_stock->ptype_id+d_stock->pline_id+d_stock->size_id+ltrim(Str(d_stock->value_id,9,3))+d_stock->tol_id+d_stock->volt_id+d_stock->tc_id+d_stock->term_id+d_stock->esnxx_id+d_stock->esny_id,23)","[wh1+wh2+wh8+wh9+wh6+wh7>0]"
220,"d_stock","LOC+ESN params(non zero)","istkloc2","LOC+Top-down ESN(non zero)","d_stock->loc+padr(d_stock->ptype_id+d_stock->pline_id+d_stock->size_id+ltrim(Str(d_stock->value_id,9,3))+d_stock->tol_id+d_stock->volt_id+d_stock->tc_id+d_stock->term_id+d_stock->esnxx_id+d_stock->esny_id,23)","[wh1+wh2+wh8+wh9+wh6+wh7>0]"
221,"d_shipd","Date shipped","ishipdsh","Date shipped","Dtos(d_shipd->dadd_rec)","NIL"
222,"d_ordrnd","R&D Orders on Hold","iporndhl","P/O on HOLD","Str(d_ordrnd->poln_id,9,2)","[(poln_stat $""H"")]"
223,"d_ordrnd","R&D Orders","ipolnrnd","P/O","Str(d_ordrnd->poln_id,9,2)","NIL"
224,"notsubst","Existing ESN + new","notsubst","esnexist + new","notsubst->esnexist+notsubst->esnnew","NIL"
225,"actlock","action","actlock","action","actlock->action","NIL"
226,"m_linemv","Stock in proc by status","ilnmvsta","Proc+prior+status(desc.)+purp+b_id","m_linemv->cpproc_id+m_linemv->b_prior+descend(m_linemv->b_stat)+m_linemv->b_purp+m_linemv->b_id","[m_linemv->arr .AND. !m_linemv->fin]"
227,"d_canc","Date canceled","datecanc","Date canceled","d_canc->d_ordrec","NIL"
228,"c_hierar","priorities of substitutions","c_hierar","priorities of substitutions","c_hierar->tol_level+padl(c_hierar->priorlevel,5)","NIL"
229,"c_hierar","substitutions","priorgrp","substitutions","c_hierar->tol_level+c_hierar->tol_id+c_hierar->volt_id+c_hierar->tc_id","NIL"
230,"c_minpck","Product Type+Size+Tol","c_minpck","Product Type+Size+Tol","c_minpck->ptype_id+c_minpck->size_id+c_minpck->tol_id","NIL"
231,"d_pcaud","Batch No+Proc Id","d_pcaud","Batch No+Proc Id","d_pcaud->b_id+d_pcaud->cpproc_id","NIL"
232,"m_stkmv","Poln_id + Move Date","istmvpod","poln_id+date","str(m_stkmv->poln_id,9,2)+dtos(m_stkmv->dadd_rec)+m_stkmv->tadd_rec","NIL"
233,"d_calndr","calender","d_calndr","calender","d_calndr->cal_date","NIL"
234,"d_svfls","List of historical stock value files","d_svfls","List of historical stock value files","d_svfls->file_name","NIL"
235,"d_svmfls","List of historical stock movement files","d_svmfls","List of historical stock movement files","d_svmfls->file_name","NIL"
236,"c_smtype","smtype_id's and valued stock movements","c_smtype","smtype_id's and valued stock movements","c_smtype->smtype_id+c_smtype->srwh+c_smtype->dswh","NIL"
237,"c_svalmv","Stock value code definitions","c_svalmv","Stock value code definitions","c_svalmv->svm_type","NIL"
238,"m_svalmv","Stock value influencing action","m_svalmv","Stock value influencing action","m_svalmv->ptype_id+m_svalmv->pline_id+m_svalmv->size_id+str(m_svalmv->value_id,9,3)+dtos(m_svalmv->svm_date)+m_svalmv->svm_time","NIL"
239,"m_svalmv","Source File Name","m_svsfn","Source File Name","m_svalmv->SourceFile","NIL"
240,"m_ord","Poln Id","m_ord","P/O","Str(m_ord->poln_id,9,2)","NIL"
241,"c_proc","Process no","pcprocno","Process no","pcprocno","NIL"
242,"c_leadt","Test for lead time new system","itcppr","Ptype+Process+Line","c_leadt->ptype_id+c_leadt->proc_id+c_leadt->pline_id","NIL"
243,"c_ptype","Customer part type","iptypc","Customer Part type","cust_ptype","NIL"
244,"h_ord","Poln Id","hpolnoid","P/O","Str(h_ord->poln_id,9,2)","NIL"
245,"d_mply","pline+sarea+fiscalyear","d_mply","pline+sarea+fiscalyear","pline_id+sarea_id+fiscalyear","NIL"
246,"d_shiph","d_shipd","dshphtmp","d_shipd","dtos(d_shiph->d_shipd)","NIL"
247,"d_ord","poln_id for stat T only","ipolnwt","poln_id for stat T only","str(d_ord->poln_id,9,2)","[d_ord->poln_stat == ""T""]"
248,"c_wkstn","wkstn_id","c_wkstn","wkstn_id","c_wkstn->wkstn_id","NIL"
249,"c_sbstxx","XX Substitution - Capacitors","inxx","XX Substitution - Capacitors","ptype_id+pline_id+size_id+req_xx+subst_xx","NIL"
250,"c_sbstxx","XX Substitution - Fuses,Inductors","ixx","XX Substitution - Fuses,Inductors","ptype_id+req_xx+subst_xx","NIL"
251,"c_prornd","R&D Project name","c_prornd","R&D Project name","proj_id","NIL"
252,"m_ordrnd","Poln Id","m_ordrnd","P/O","Str(m_ordrnd->poln_id,9,2)","NIL"
253,"c_size","size","c_size","size","size_id","NIL"
254,"c_sbstxx","XX Substitution - Couplers","indxx","XX Substitution - Couplers","ptype_id+size_id+req_xx+subst_xx","NIL"
255,"c_sbpbxx","Pcking Bat Substitution XX - Capacitors","inxx","Pcking Bat Substitution XX - Capacitors","ptype_id+pline_id+size_id+req_xx+subst_xx","NIL"
256,"c_sbpbxx","Pck Bat Substit. XX-Fuses,Ind.,Couplers","ixx","Pck Bat Substit. XX-Fuses,Ind.,Couplers","ptype_id+req_xx+subst_xx","NIL"
257,"c_hierar","priorities","hierar","priorities","c_hierar->tol_id+c_hierar->volt_id+c_hierar->tc_id","NIL"
258,"d_stock","ESN Top XX(non zero)","istktop2","Top-down XX(non zero)","padr(d_stock->ptype_id+d_stock->pline_id+d_stock->size_id+ltrim(Str(d_stock->value_id,9,3))+d_stock->esnxx_id+d_stock->tol_id+d_stock->volt_id+d_stock->tc_id+d_stock->term_id+d_stock->esny_id,23)","[wh1+wh2+wh8+wh9+wh6+wh7>0]"
259,"d_stock","Top Down & wh1+wh2>500","ipckbtch","Scheduling - Fuses Packing Batch","d_stock->ptype_id+d_stock->pline_id+d_stock->size_id+Str(d_stock->value_id,9,3)+str(999999-(d_stock->wh1+d_stock->wh2),7,0)","[d_stock->wh2>500]"
260,"d_line","Product line","dlinepic","Product line","pline_id","NIL"
261,"d_stock","Top Down & wh1+wh2>500","ipckbtcp","Scheduling - Couplers Packing Batch","d_stock->ptype_id+d_stock->pline_id+d_stock->size_id+str(999999-(d_stock->wh1+d_stock->wh2),7,0)","[d_stock->wh2>500]"
262,"d_frzstk","batches not allocated by scheduling","mainkey","batches not allocated by scheduling","b_id+esn_id+loc","NIL"
263,"d_frzln","batches not promised by scheduling","main","batches not promised by scheduling","b_id","NIL"
264,"c_sbpbxx","pcking batch XX Substitution - Couplers","indxx","pcking batch XX Substitution - Couplers","ptype_id+size_id+req_xx+subst_xx","NIL"
265,"c_tol","for schedulling","c_pseq","Prod.type+seq.no","ptype_id+seq_no","NIL"
266,"d_stock","Top Down & wh1+wh2>500","ipckbtlp","Scheduling - Inductors Packing Batch","d_stock->ptype_id+d_stock->pline_id+d_stock->size_id+Str(value_id,9,3)+tol_id+str(999999-(d_stock->wh1+d_stock->wh2),7,0)","[d_stock->wh2>500]"
267,"d_avail","Availeble qty to promise","family","type+line+size+value","ptype_id+pline_id+size_id+Str(value_id,9,3)","NIL"
268,"d_avail","Availeble qty to promise","bid","batch+tol","b_id+tol_id","NIL"
269,"d_ord","Top-down for re-allocations","iordreal","Top-down ESN for re-allocations","padr(d_ord->ptype_id+d_ord->pline_id+d_ord->size_id+ltrim(Str(d_ord->value_id,9,3))+d_ord->tol_id+d_ord->volt_id+d_ord->tc_id+d_ord->term_id+d_ord->esnxx_id+d_ord->esny_id,23)+iif(empty(d_ord->d_mrkdlv),dtos(d_ord->d_ackndlv),dtos(d_ord->d_mrkdlv))","[d_ord->poln_stat$"" _Q_K_T""]"
270,"d_ord","EDI by Cust Id.","iordcuid","poln_stat+cu_id","d_ord->poln_stat+d_ord->cu_id","NIL"
271,"d_ord","EDI by Due Date","iordduda","poln_stat+dtos(duedate)+poln_id","d_ord->poln_stat+dtos(d_ord->D_ackndlv)+str(d_ord->poln_id,9,2)","NIL"
272,"d_ord","EDI Incremental Due Date","iordduds","poln_stat+dtoc(duedate)+poln_id","d_ord->poln_stat+dtoc(d_ord->D_ackndlv)+str(d_ord->poln_id,9,2)","NIL"
273,"edi_h","EDI Headers file","edi_h","Edi header file","field->PO_NUM+dtos(field->upld_date)+str(field->upld_num,6)","NIL"
274,"edi_d","EDI Details file","edi_d","Edi details file","field->PO_NUM+dtos(field->upld_date)+str(field->upld_num,6)+str(field->line_num,4)","NIL"
275,"edi_s","EDI Scheduled details file","edi_s","Edi scheduled details file","field->PO_NUM+dtos(field->upld_date)+str(field->upld_num,6)+str(field->line_num,4)","NIL"
276,"edi_cust","Edi customer macthing table","edi_cust","Edi customer macthing table","upper(field->edicunam)","NIL"
277,"edi_ord","EDI orders table","edi_ord","EDI orders table","str(field->poln_id,9,2)","NIL"
278,"edi_ord","EDI orders marked/unmarked at table","edi_acc","EDI orders marked/unmarked at table","edi_ord->accept+str(edi_ord->poln_id,9,2)","NIL"
279,"prev_acc","EDI TEMP file:accepted by date:search","acc_date","EDI TEMP file:accepted by date:search","dtos(field->acc_date)+str(field->acc_id,4)","NIL"
280,"prev_acc","EDI TEMP file:accepted by ID.","acc_id","EDI TEMP file:accepted by ID.","str(field->acc_id,4)+dtos(field->acc_date)","NIL"
281,"prev_acc","EDI TEMP file:accepted by date","acc_datc","EDI TEMP file:accepted by date","dtoc(field->acc_date)+str(field->acc_id,4)","NIL"
282,"d_stock","Top Down & wh1+wh2>500","ipckbtca","Scheduling - Capacitors Packing Batch","d_stock->ptype_id+d_stock->pline_id+d_stock->size_id+Str(value_id,9,3)+tol_id+tc_id+Upper(b_ncaps)+str(999999-(d_stock->wh1+d_stock->wh2),7,0)","[(d_stock->wh2>500).and.(b_ncaps<>""  "")]"
283,"d_ord","EDI by Poln_id","iordpoid","poln_stat+poln_id","d_ord->poln_stat+str(d_ord->poln_id,9,2)","NIL"
284,"t_ord41","Open orders","t_ord413","Top-down + market due ( ,Q,K,T)","padr(ptype_id+pline_id+size_id+ltrim(Str(value_id,9,3))+tol_id,23)+iif(empty(d_mrkdlv),dtos(d_ackndlv),dtos(d_mrkdlv))","[d_ord->poln_stat$"" _Q_K_T""]"
285,"t_ord41","ESN (params)","t_ord411","Top Down ESN","PADR(t_ord41->ptype_id+t_ord41->pline_id+t_ord41->size_id+LTRIM(STR(t_ord41->value_id,9,3))+t_ord41->tol_id+t_ord41->volt_id+t_ord41->tc_id+t_ord41->term_id+t_ord41->esnxx_id+t_ord41->esny_id,23)","NIL"
286,"c_bncaps","caps","cap","cap","c_bncaps->bncaps","NIL"
287,"sch_com","Schedling results approving","sch","sch_com","str(poln_id,9,2) + dtoc(prom_date)","NIL"
288,"c_prornd","wip clstr","iwip","wip","wip_clstr","[!empty(proj_dep)]"
289,"d_insrnd","Instruction id","instrid","Instruction code","Str(instr_id,5)","NIL"
290,"d_insrnd","Name","instrnm","Instruction text hebrew","Substr(instr_nmh,64,1)+Substr(instr_nmh,63,1)+Substr(instr_nmh,62,1)+Substr(instr_nmh,61,1)+Substr(instr_nmh,60,1)+Substr(instr_nmh,59,1)","NIL"
291,"d_insrnd","Authuor","instrau","Author hebrew","Substr(instr_auth,10,1)+Substr(instr_auth,9,1)+Substr(instr_auth,8,1)+Substr(instr_auth,7,1)+Substr(instr_auth,6,1)+Substr(instr_auth,5,1)","NIL"
292,"d_insrnd","Proc spec","instrps","Process specification","proc_spec","NIL"
293,"edi_h","EDI Headers file PO+status","edi_h_stat","Edi header file PO + status","edi_h->PO_NUM+edi_h->edi_status","NIL"
294,"BEST_PRD","Best products report. Special req. MKT","best_prd","none","best_prd->ptype_id+best_prd->pline_id+best_prd->size_id+str(best_prd->value_id,9,2)+best_prd->tol_id","NIL"
295,"BEST_ORD","Best products report. Special req. MKT","best_ord","none","best_ord->ptype_id+best_ord->pline_id+best_ord->size_id+str(99999999-best_ord->qty_shipln,8,0)","NIL"
296,"c_diel","Dielecter","id","Dielecter","diel_id","NIL"
297,"m_ordreq","Poln Id","m_ordreq","P/O","Str(m_ordreq->poln_id,9,2)","NIL"
298,"c_thqty","Line+Size+OrigUOM+ConvUOm","ilinuom","Line+Size+OrigUOM+ConvUOM","c_thqty->pline_id+c_thqty->size_id+c_thqty->orig_uom+c_thqty->conv_uom","NIL"
299,"d_ord","EDI by SONO","istsono","poln_stat+sono","d_ord->poln_stat+d_ord->sono","NIL"
300,"d_reels","Reel Serial #","ireellbl","Reel serial no","STR(d_reels->reel_sn)","NIL"
301,"h_alloc","Ser No","hallcser","Alloc. ser no","STR(h_alloc->sm_serno)","NIL"
302,"d_line","ESN+Batch status","esn_idln","ESN+Batch status","esn_id+b_stat","NIL"
303,"d_line","for schedulling","isched","Family","ptype_id+pline_id+size_id+Str(value_id,9,3)","NIL"
304,"h_shipd","Doc No","hshipddn","Document no","doc_no","NIL"
305,"h_shiph","Agent+Doc No","hshiphag","Agent + Document no","billag_id+doc_no","NIL"
306,"d_esn","Top-down ESN","in_esnp","Type+Line+size+Tol+Value","padr(d_esn->ptype_id+d_esn->pline_id+d_esn->size_id+d_esn->tol_id+ltrim(Str(d_esn->value_id,9,3))+d_esn->volt_id+d_esn->tc_id+d_esn->term_id+d_esn->esnxx_id+d_esn->esny_id,23)","NIL"
307,"BEST_ORD","Best products report. Special req. MKT","best_ord2","none","best_ord->ptype_id+best_ord->size_id+best_ord->pline_id","NIL"
308,"BEST_PRD","Best products report. Special req. MKT","best_prd2","none","best_prd->ptype_id+best_prd->size_id+best_prd->pline_id","NIL"
309,"c_tthqty","Route+Line+Size+OrigUOM+ConvUOm","ilinuom","Route+Line+Size+OrigUOM+ConvUOM","c_tthqty->route_id+c_tthqty->pline_id+c_tthqty->size_id+c_tthqty->orig_uom+c_tthqty->conv_uom","NIL"
310,"c_tthqty","Prime key","itsuom","Rout+B.type+size+OrigUOM+ConvUOM","c_tthqty->route_id+c_tthqty->b_type+c_tthqty->size_id+c_tthqty->orig_uom+c_tthqty->conv_uom","NIL"
311,"d_pcaud","Batch No+Dadd_rec","ipcaud","Batch No+Dadd_rec","d_pcaud->b_id+dtos(d_pcaud->dadd_rec)+d_pcaud->tlu_rec","NIL"
312,"d_insrnd","Ptocess+Authuor","instrprau","Process+Author hebrew","proc_id+Substr(instr_auth,10,1)+Substr(instr_auth,9,1)+Substr(instr_auth,8,1)+Substr(instr_auth,7,1)+Substr(instr_auth,6,1)+Substr(instr_auth,5,1)","NIL"
313,"d_instr","Ptocess+Authuor","instrprau","Process+Author hebrew","proc_id+Substr(instr_auth,10,1)+Substr(instr_auth,9,1)+Substr(instr_auth,8,1)+Substr(instr_auth,7,1)+Substr(instr_auth,6,1)+Substr(instr_auth,5,1)","NIL"
314,"d_shpinv","Shipping Doc","ishpinv","Shipping Doc","d_shpinv->shpdoc","NIL"
315,"d_shpdoc","Shipping Doc NO","ishpdoc","Shipping Doc NO","STR(999999-d_shpdoc->shpdoc,6)","NIL"
316,"ediinv_h","EDI invoice - header","ishpdoc","EDI invoice - header","ediinv_h->shpdoc","NIL"
317,"d_shpbat","Shipping Doc for WIP batches","ishpbat","Shipping Doc for WIP batches","d_shpbat->shpdoc","NIL"
318,"c_shpval","Value for WIP sent to CZ","ishpval","Value for WIP sent to CZ","ptype_id+size_id","NIL"
319,"c_f6scr2","PDC - scr2=F6","if6scr2","PDC - scr2=F6","proc_id+ptype_id","NIL"
320,"d_prnout","MVT. Type+Date+Time","idprnout","MVT. Type+Date+Time","d_prnout->smtype_id+dtos(d_prnout->dadd_rec)+d_prnout->tadd_rec","NIL"
321,"h_prnout","MVT. Type+Date+Time","ihprnout","MVT. Type+Date+Time","h_prnout->smtype_id+dtos(h_prnout->dadd_rec)+h_prnout->tadd_rec","NIL"
322,"d_stock","Non Scheduled batches","istktoxx","Type+line+size+XX+Value","padr(d_stock->ptype_id+d_stock->pline_id+d_stock->size_id+d_stock->esnxx_id,23)","[d_stock->wh1+d_stock->wh2+d_stock->wh7>0]"
323,"d_shiph","despatch","ishipdes","despatch","d_shiph->despatch","[(d_shiph->ship_as $ ""P"")]"
324,"d_line","WkStn+Type+Line+Size+PcCode","iwktlspc","WkStn+Type+Line+Size+PcCode","cpwkstn_id+ptype_id+pline_id+size_id+cp_pccode","[!(b_stat$""CD"")]"
325,"d_reels","sm_serno","ireelser","sm_serno","Str(d_reels->sm_serno,9)","NIL"
326,"d_line","Batchs in Bar code(Slack)- new","nwiSlack","Slack - new","cpproc_id+ptype_id+pline_id+size_id+b_prior+STR(100000+(b_dprom-ExpFindate),6)+IF(b_purp=CHR(55),CHR(50),IF(b_purp=CHR(54),CHR(51),b_purp))","[!(b_stat$""CDMT"")]"
327,"d_irrfin","B_id+CurrProc+RepUnit","IRepUnit","B/N+Current process+Rep Unit","d_irrfin->b_id+d_irrfin->cpproc_id+d_irrfin->rep_unit","NIL"
328,"c_repunt","rep_unt","repunt","rep_unt","c_repunt->rep_unt","NIL"
329,"d_line","Batch status+Project+PromDate","iprojdue","Batch status+Project+PromDate","b_stat+esn_p2+Dtos(b_dprom)","[!(b_stat$""CD"")]"
330,"m_bstamv","B_ID+DLU+TLU","bndlut","B_ID+DLU+TLU","b_id+dtos(dlu_rec)+tlu_rec","NIL"
331,"c_smplbl","pline_id","indlin","pline_id","pline_id","NIL"
332,"edi_s","EDI Scheduled details file","edi_spo","Edi scheduled details file","str(edi_s->poln_id,9,2)+edi_s->edi_status","NIL"
333,"d_nvalbt","file_name+b/n","nvalbtch","file_name+b/n","file_name+b_id","NIL"
334,"m_stkmv","Source B/N+Ref+Move Type","istslwmv","Source B/N+Ref+Move Type","m_stkmv->srb_id+m_stkmv->sm_refno+m_stkmv->smtype_id","[m_stkmv->smtype_id $ ""25_26_27_28_29_30"".and. srwh$""3_4_8"".and. dswh$""8_0""]"
335,"d_shipd","B/N + Date shipped + Time","ishslwmv","B/N + Date shipped + Time","d_shipd->b_id+Dtos(d_shipd->dadd_rec)+d_shipd->tlu_rec","NIL"
336,"d_ord","Open orders TD+Due","itddeu","TD+due date (Open orders ONLY)","d_ord->ptype_id+d_ord->pline_id+d_ord->size_id+iif(empty(d_ord->d_mrkdlv),dtos(d_ord->d_ackndlv),dtos(d_ord->d_mrkdlv))","[!(d_ord->poln_stat$""CD"")]"
337,"d_rejrep","Date","irejrep","DADD_REC","Dtos(d_rejrep->dadd_rec)","NIL"
338,"m_svalmv","Stock value influencing action-Coupler","cplrsvm","Stock value influencing action-Coupler","m_svalmv->ptype_id+m_svalmv->pline_id+m_svalmv->size_id+dtos(m_svalmv->svm_date)+m_svalmv->svm_time","NIL"
339,"d_shpdoc","Shipping Doc NO","inshpdc","Shipping Doc NO","STR(d_shpdoc->shpdoc,6)","NIL"
340,"c_doctyp","c_doctyp","idoctyp","c_doctyp","doc_type","NIL"
341,"d_line","route_id","inroute","route_id","route_id","[!(b_stat$""CD"")]"
342,"d_line","route_id2","indrout2","route_id2","route_id2","[!(b_stat$""CD"")]"
343,"d_edsgn","P.type+size+val-Filters","dtfiltr","P.type+size+val-Filters","d_edsgn->ptype_Id+d_edsgn->size_id+ltrim(str(d_edsgn->value_id,9,3))","NIL"
344,"c_wip","Top-Wip","wiptop","Top-Wip","c_wip->ptype_id+c_wip->pline_id+c_wip->size_id+c_wip->tol_id","NIL"
345,"d_dlvnth","Delivery Note","ishpdoc","Delivery Note","STR(999999-d_dlvnth->shpdoc,6)+d_dlvnth->doc_type","NIL"
346,"d_dlvnth","Delivery Note","inshpdc","Delivery Note","STR(d_dlvnth->shpdoc,6)+d_dlvnth->doc_type","NIL"
347,"d_dlvntd","Delivery Note for WIP batches","ishpbat","Delivery Note for WIP batches","STR(d_dlvntd->shpdoc,6)+d_dlvntd->doc_type","NIL"
348,"d_alloc","B/N","iallcbid","B/N+LOC","d_alloc->srb_id+d_alloc->loc","NIL"
349,"d_awbn","Shipping Doc NO","ishpdoc","Shipping Doc NO","d_awbn->doc_no+d_awbn->ship_as+STR(999999-d_awbn->shpdoc,6)","NIL"
350,"d_avmuni","B/n+Stage","ibnstage","B/n+Stage","d_avmuni->b_id+d_avmuni->cpproc_id+str(d_avmuni->cp_stage,4)","NIL"
351,"d_stock","ESN","esn_idnz","** ESN (non zero) **","d_stock->esn_id","[wh1+wh2+wh8+wh9+wh6+wh7>0]"
352,"d_line","Split","i_split","Split","esn_p1","NIL"
353,"d_dlvntd","B/N + Esn + Location","ibnesn","B/N + Esn + Location","d_dlvntd->b_id+d_dlvntd->esn_id+d_dlvntd->loc","NIL"
354,"ediinv_h","EDI invoice - Invoice Number","idocno","EDI invoice - Invoice Number","ediinv_h->doc_no","NIL"
355,"d_line","Batchs in Bar code(Slack)","iSlack","Slack","SubStr(islack,1,22)","[!(b_stat$""CDMT"")]"
356,"d_line","Batchs in Bar code(Slack)- QC proc190.0","qciSlack","Slack QC process 190.0","SubStr(qcislack,1,22)","[!(b_stat$""CDMT"")]"
357,"d_ord","Index for racc12v1","iordslwm","type+line+size+value+d_ordrec","d_ord->ptype_id+d_ord->pline_id+d_ord->size_id+Str(d_ord->value_id,9,3)+dtos(d_ord->d_ordrec)","NIL"
358,"d_esn","ESN(Wip Max Stock > 0)","iesn_id2","ESN","d_esn->esn_id","[d_esn->wip_stock>0]"
359,"d_stock","Stock B/N(wh7>0)","ib_id7","B/N","d_stock->b_id+d_stock->esn_id","[wh7>0]"
360,"d_stock","ESN params - Top down(wh7>0)","istkes7","Top-down ESN","padr(d_stock->ptype_id+d_stock->pline_id+d_stock->size_id+ltrim(Str(d_stock->value_id,9,3))+d_stock->tol_id+d_stock->volt_id+d_stock->tc_id+d_stock->term_id+d_stock->esnxx_id+d_stock->esny_id,23)","[wh7>0]"
361,"d_kit","Kit's index","i_kit","---K I T---","d_kit->esn_id+D_KIT->SIZE_ID+STR(D_KIT->VALUE_ID,8,3)+D_KIT->PLINE_ID","NIL"
362,"d_shiph","Date shipped/Date","ishipd","Date shipped","d_shiph->d_shipd","NIL"
363,"d_stock","ESN params - Top down(wh7>0)","istk_seq","ESN+seq_no","padr(d_stock->ptype_id+d_stock->pline_id+d_stock->size_id+ltrim(Str(d_stock->value_id,9,3))+str(99-val(d_stock->seq_no),2),23)","[wh7>0]"
364,"d_dlvnth","Delivery Note","inssmpl","Delivery Note","STR(d_dlvnth->shpdoc,6)+d_dlvnth->doc_type","[AllTrim(d_dlvntH->doc_type) == ""S2IL"" .and. empty(d_dlvntH->D_SHIPD)]"
365,"d_kit","Kit's index","i_kit_2","---K I T---","d_kit->PTYPE_ID+D_KIT->PLINE_ID+D_KIT->SIZE_ID+STR(D_KIT->VALUE_ID,8,3)+D_KIT->TOL_ID","NIL"
366,"d_alckit","Alloc No.","ialc","Alloc No.","d_alckit->alloc_id+d_alckit->esn_req+d_alckit->esn_bid+str(d_alckit->wh7,6)","NIL"
367,"d_alckit","Batch No.","ib_id","Batch No.","d_alckit->b_id","NIL"
368,"d_alckit","Type No.","i_type","Type  No.","d_alckit->ESN_DESC","NIL"
369,"c_warea","Warea ID","i_warea","Warea ID","c_warea->warea_id+c_warea->proc_id","NIL"
370,"d_warea","Warea ID","i_warea","Warea ID","d_warea->warea_id+dtos(dadd_rec)","NIL"
371,"d_warea","Worker+Area(Not Closed)","i_warclo","Worker+Area(Not Closed)","d_warea->w_id+d_warea->warea_id+dtos(dadd_rec)","[empty(d_warea->FINISH_D)]"
372,"c_warea","Proc ID","i_warclo","Proc ID","c_warea->proc_id","NIL"
373,"d_warea","Worker+Date","i_wid","Worker+Date","d_warea->w_id+dtos(d_warea->dadd_rec)+d_warea->warea_id","NIL"
374,"d_warea","Worker+Date","i_wid2","Worker+Date","d_warea->w_id+dtos(d_warea->finish_d)+d_warea->finish_t+d_warea->warea_id","NIL"
375,"m_stkmv","Src BN + Move type","isbnmvt","Src BN + Move type","m_stkmv->srb_id+m_stkmv->smtype_id","NIL"
376,"m_stkmv","Ref No+Mov Type","istmvr25","Ref No+Mov Type","m_stkmv->sm_refno","[m_stkmv->smtype_id $ ""25_26_27_28_29_30""]"
377,"d_line","Batchs in Bar code(Slack)-201-601","imSlack","Slack(201,301,401,501,601)","Substr(cpproc_id,2,1)+Substr(cpproc_id,2,1)+Substr(cpproc_id,3,1)+Substr(cpproc_id,4,1)+Substr(cpproc_id,2,1)+SubStr(islack,1,22)","[!(b_stat$""CDMT"").and.""01""$cpproc_id]"
378,"d_ordreq","Area+P/O on hold","iarea","Area+P/O on hold","sarea_id+Str(d_ordreq->poln_id,9,2)+DTOS(d_ordrec)+DTOS(d_rqstdlv)+ptype_id+pline_id+size_id+Str(value_id,9,3)+tol_id+volt_id+tc_id+term_id+esnxx_id+esny_id","[(poln_stat $""H_A"")]"
379,"d_warea","Date","i_date","Date","dtos(d_warea->dadd_rec)","NIL"
380,"c_thqty","b.type+Line+Size+OrigUOM+ConvUOm","ilinuom_1","b.type+Line+Size+OrigUOM+ConvUOM","c_thqty->b_type+c_thqty->pline_id+c_thqty->size_id+c_thqty->orig_uom+c_thqty->conv_uom","NIL"
381,"d_ord","blsono","iblsono","blsono","d_ord->text2","NIL"
382,"d_ordreq","blsono","iblsono","blsono","d_ordreq->text2","NIL"
383,"d_EXP","B_ID","IBID","B_ID","D_EXP->B_ID","NIL"
384,"m_bstamv","B_ID+Prev.St+New St","bnprnew","B_ID+CB_STAT+NB_STAT","B_ID+CB_STAT+NB_STAT","NIL"
385,"d_irrfin","B_id+CurrProc+RepUnit+Date","IRep","B/N+Current process+Rep Unit+Date","d_irrfin->b_id+d_irrfin->cpproc_id+STR(999-d_irrfin->cp_stage,4)","NIL"
386,"d_line","Batchs in Bar code(Slack) W","iwSlack","Slack","CPWKSTN_ID+SubStr(islack,6,17)","[!(b_stat$""CDMT"")]"
387,"d_line","Batchs in Bar code(Slack) W Gr.I","iwSlack_1","Slack 1","[GRU1]+SubStr(islack,6,17)","[!(b_stat$""CDMT"") .AND. left(CPPROC_ID,3)$""224_227_221_231_217_310_320_323_315_317_461_411_416_418_435_509_511_505_514_517_518_519_610_612_659_615_618_619_652_630_633_326_510_543_537_312_623"" .and. right(cpproc_id,1)$""01234""]"
388,"d_line","Batchs in Bar code(Slack) W Gr.II","iwSlack_2","Slack 2","[GRU2]+SubStr(islack,6,17)","[!(b_stat$""CDMT"") .AND. CPPROC_ID$""420.0 423.0 426.0 429.0 520.0 523.0 526.0 538.0 639.0 644.0 626.0_523.1_523.2_538.3_538.4_626.1""]"
389,"d_line","Batchs in Bar code(Slack) W Gr.III","iwSlack_3","Slack 3","[GRU3]+SubStr(islack,6,17)","[!(b_stat$""CDMT"") .AND. CPPROC_ID$""203.0303.0325.0413.0462.0417.0437.0419.0506.0507.0508.0506.1507.1508.1442.0433.0403.0438.0501.2529.0608.0608.2608.1647.0609.0655.0654.0631.0638.0275.3632.0625.0661.0617.0621.0""]"
390,"d_line","Batchs in Bar code(Slack) W Gr.IV","iwSlack_4","Slack 4","[GRU4]+SubStr(islack,6,17)","[!(b_stat$""CDMT"") .AND. CPPROC_ID$""324.0 430.0 436.0 532.0 541.0 432.0 441.0 530.0 531.0 536.0 431.0 341.0 649.0 653.0 624.0 629.0 323.0 461.0 462.0 532.6 543.1 541.1 541.3 137.1 137.2 137.0""]"
391,"d_line","Batchs in Bar code(Slack) W Gr.V","iwSlack_5","Slack 5","[GRU5]+SubStr(islack,6,17)","[!(b_stat$""CDMT"") .AND. CPPROC_ID$""421.0 425.0 428.0 439.0 446.0 521.0 525.0 527.0 539.0 645.0 627.0 648.0 422.0 424.0 427.0 444.0 522.0 524.0 528.0 544.0 404.0 566.1 164.4 541.2 579.1 525.1 577.3 539.1 539.4 627.1""]"
392,"d_line","Batchs in Bar code(Slack) W Gr.VI","iwSlack_6","Slack 6","[GRU6]+SubStr(islack,6,17)","[!(b_stat$""CDMT"") .AND. CPPROC_ID$""212.0 212.1 215.0 216.0 311.0 213.0 443.0 445.0 405.0 406.0 512.0 513.0 515.0 516.0 409.0 414.0 622.0 650.0 571.6 571.0 622.1 650.1""]"
393,"d_line","ESN parameters+Pccode(Mod)","ilnesmod","Top-down ESN+ PCcode(Mod)","padr(ptype_id+pline_id+size_id+ltrim(Str(value_id,9,3))+cp_pccode,21)","[!(b_stat$""CD"")]"
394,"sc_line","ESN Top Down","ilnesnp","Top-down ESN","padr(ptype_id+pline_id+size_id+ltrim(Str(value_id,9,3))+tol_id+volt_id+tc_id+term_id+esnxx_id+esny_id,23)","[!(b_stat$""CD"")]"
395,"d_line","Batchs in Bar code(Slack) W Gr.0","iwSlack_0","Slack 0","[GRU0]+SubStr(islack,6,17)","[!(b_stat$""CDMT"") .AND. CPPROC_ID$""200.0 300.0 400.0 500.0 600.0""]"
396,"d_line","Batchs in Bar code(Slack) W Gr.VII","iwSlack_7","ET VI","[GRU7]+SubStr(islack,6,17)","[!(b_stat$""CDMT"") .AND. CPPROC_ID$""305.0 307.0 422.0 424.0 522.0 524.0 533.0 533.1 544.0 545.0 559.0 603.0 605.0 605.1 605.2 606.0 607.0 607.1 613.0 616.0 628.0 631.0 637.0 646.0 660.0 662.0 415.0 528.4 657.0 407.0 434.0 524.2 643.0 667.0 528.0""]"
397,"d_line","Automotive","ib_aut","Automotive","b_id","[!(b_stat$""CDMT"") .and. esnxx_id$""4B_3N""]"
398,"bms2spc","Translate BMS procs to SPC format","iProc","iSpc","proc_id","NIL"
399,"m_spc","SPC file preparing","iSpc","iSpc","b_id+cwaf+SPC_NME","[!LSPC]"
400,"m_spc","SPC file preparing(x Wfr only)","iSpcX","iSpcX","b_id+cwaf+SPC_NME","[!LSPC .and. ""X""$cWaf]"
401,"m_spc","SPC file preparing Short","iSpcTop","iSpcTop","b_id+SPC_NME","[!LSPC]"
402,"m_loc","basic order","iBID","iBID","b_id+dtos(dadd_rec)","NIL"
